Feature1,Feature2,Feature3,Feature4,Target
-0.589839281023455,-0.5378353962448623,0.7415255209152574,-1.52516435304834,0
-1.4273247898555868,-1.5566400699017795,-2.067725026383041,-1.6515057098433816,0
-1.0346980356224313,0.6735221976365922,-2.9804713939679495,1.2992785737641117,2
0.3633058504910174,-0.7126069150904436,3.8152426296701702,0.23202530215487882,2
1.1179552264483827,2.0123008840795102,0.2229392033725045,0.8418578405753201,3
-1.5772789630845914,-1.586270644780956,0.9272171127627161,-1.555991124951198,0
-1.6357349338428095,0.5611339302371678,1.6383617616336996,-1.9727290961608275,0
1.0352290246800586,-1.000281933917372,-0.591267797215041,1.0745654038319743,3
0.04393109774078052,-0.723642074195372,-0.5520783415196895,-0.01819794844132372,3
1.9243276931810351,0.10250099740779806,0.16511765587306423,-2.594407907877958,1
0.3159195722054592,-0.3973777014442833,1.1414528347153639,-1.5933794513302546,1
0.874782718592074,-1.37802331217874,0.6293142552788826,-0.010660833720454344,2
-0.2602420266449128,2.6050523487446524,-0.748792766005596,-2.389364649720238,1
-2.1921142406008958,-1.92318148352049,0.05017168554805925,-0.2140014741036561,0
-0.30210176654814835,-0.7967180226400702,0.72151563895958,0.3586776904623752,2
-1.8426298889646444,-0.0005947860623336521,-1.2429826134348316,0.07560038006705971,0
-1.356573705212885,-1.2107262812778519,-0.6381249900722306,1.3766521767347792,2
0.8797163261715161,2.2978446023354326,0.05201915881096422,1.6748048039468642,3
1.644702397443194,0.448339808158308,-0.260024682605549,-0.26528124152878896,1
-1.6730073600871935,-2.0168579313969497,-1.025832574457683,1.6386916625509538,2
-0.7235122440552577,0.18516394404965097,0.8797328072933834,2.694194613743973,2
-0.4772562963474122,-1.9558524605394338,-0.5349493746475561,1.097923169664411,2
0.1260255376681072,3.0511505396190257,-0.9832973499787871,-0.6260363424409088,3
0.26449616117717456,2.213980411642484,-0.9960324811129794,-0.7950569789505557,1
1.359017970387039,-0.25822310470555354,0.3591323120375021,0.9842009655504806,3
1.044624672558979,0.6799042314963686,-1.1909446805888881,-1.2045874698638346,0
-0.8588630449010608,0.25327354081162845,-0.09673264869240807,0.6280468620603539,2
-2.7051813418375152,-2.6065987831425925,0.23913712523151687,2.328770390262243,2
0.9786921602621063,-0.6483991545232743,-0.03422022744984626,-0.874407773435244,1
-1.5136381770799254,0.9524410017087225,-1.2754575921576017,1.0081469543801018,2
-0.6784601245374866,0.9744312857152465,-0.16027563153313515,0.7092708899451652,2
0.3254092220215329,1.850664695549769,0.22776178183388035,-2.425597941473728,1
0.5194884780129694,-1.821670808477545,0.3446420536272708,0.8352008470715742,3
1.4457188048170864,-0.851924746802456,0.8842116954985414,1.869301697946573,3
0.26837865208998124,-0.18112219903307814,-0.3079344280838803,-1.595725430877462,1
0.9592017830074013,1.2512887354347337,0.6040656347425832,-0.3988923375167096,1
-1.5158698436803153,-1.7755432476347655,-0.14977056560789728,-2.021289815643547,0
-0.9491987620659363,-0.42987635918620626,-0.10836482297768169,1.744432201039435,2
2.089297463962099,-2.2383236650610066,-0.6479348854665151,-0.08599182654187387,1
2.569012440788414,-3.147220458619834,-1.016741952052224,0.12908271263280557,1
0.5891242542006001,1.6640540512527928,0.2863894107001062,-0.32269456515275463,1
-0.5593346542401076,-0.6000552724615007,-2.2610432341708893,0.7544753256558089,2
-1.1422805738217026,0.8916436267383515,-0.7637909337679629,-1.1958222775328429,0
0.46531084200240214,0.3667866842107297,-0.8319588956635294,-0.06876879699215832,0
-0.626356103105951,-0.18716400838139235,-0.35947670142088733,-1.2334734733331296,2
0.8319693495998112,1.5804890175342905,-0.7791106556144743,-0.3222221008287176,3
-0.4341044589365576,-0.7510137616917015,-0.6043692308761803,0.49687709183288664,2
-1.0280760797715258,-1.9780836277164948,-1.3589780638259348,1.5042580100885243,2
0.9829340305038615,-0.9326337955982147,-1.0274946691738265,-0.988025889993437,1
2.880134194406626,-3.36114548201249,-0.5047504005445598,0.410397411481662,1
-0.2155810414425089,-1.7809561616308476,2.27065832604855,0.7414649337744664,2
-2.3470741747009916,1.2867623943602884,-0.7188800944802987,-1.0468417438723896,2
-0.9285430835268018,1.1541571748783381,-1.0221640971960948,-1.3806565186438244,0
-1.0666149592855396,0.9438595461682127,-1.6696559167829692,-1.1706716655456364,0
1.0637427834010738,-1.7926395596491274,-0.44491603708304706,-0.12263342968384738,2
-2.5963101597855553,-2.6746429616609495,-0.06533276968584582,-1.9445577866881953,0
0.9830606230058859,2.3018086541510288,0.6453700109562304,1.9363589142880944,3
-0.9871679627248063,1.9158704157566946,1.6154306464890773,1.9783920361886014,2
-1.2106431023094935,0.8282607912717395,-0.6802558867551095,0.48858519739829287,2
1.0603208910569395,-0.9525480203364333,-0.2748345593132071,1.089884976832627,3
0.6230584943418129,-0.958039933000408,1.5619468191391959,-1.4802288625373081,1
1.0479325316772545,-0.8929897850412937,1.40939702649321,-0.8810483913742714,1
-1.7561984912738344,-1.4017238643229823,-0.09337166173118619,1.4796310640246184,2
0.8236353077932548,-1.8140233958679242,3.065033824101618,1.5303555657217782,3
-0.9108233984187575,-4.104255884812991,0.4134662792360537,0.17109556938147708,3
-0.779502176437848,-0.37311420505206516,0.6679059679342186,0.10742064061694356,0
0.43817782362411073,-0.36031416379695835,0.3451769378180738,-1.4577847350542972,1
-1.6041903303217375,0.17903335378628105,0.8145953385961943,-0.13202034180251698,2
1.7464432015525313,-1.892389543446017,0.8763757355507505,-0.4305988601905413,1
-2.243684662128415,-1.8655959544263614,-1.7220588510348784,-0.325769253170772,0
-2.2176072393675597,-0.3085334140430751,0.6115276895036783,1.5369591882625584,2
0.7965323789826546,0.41421796766598673,-2.0270136930027705,-0.15384146459373627,2
-1.341273375759252,-2.125568752110837,0.19498387523305763,1.2426981320881207,2
-0.8369175077944144,-1.10559840757039,-0.18850209434546933,-1.373353860947821,0
2.0678424818642167,1.4472376697541267,1.6665729455236191,3.9884566670098427,3
-1.371962917709813,-0.37076793219718107,0.5296914246582017,0.38847003579342454,2
-2.2872431976713656,-2.07439452226555,0.7863869884713961,-0.9351995967426308,0
-0.32616970569954384,-0.8863011997141524,0.7888876318249771,0.8255061604015405,2
-0.2962241988963008,1.4710061422722016,-0.932898027841363,0.09723308200357139,0
-0.9461544257062109,1.272693590445836,0.21302362738044597,-2.119517648958327,0
1.195619925947873,-1.1596481486440808,0.24613844622789938,-0.7926151042872936,1
0.4121790717234767,2.1083743987315193,-0.12530948981166656,-0.4263676755296717,1
0.9677194744490514,0.5405070248878343,-1.2875206153836956,-2.4222718588991183,1
0.6124764342904554,0.38278411530506506,0.524818752433142,-1.4619233188133758,0
4.1226516873357095,-4.638108362874927,-0.8304879955038073,1.4857785802925547,1
1.061449147991838,0.4578087968729996,0.5498039822157424,-0.4323137561098708,1
-0.49787088401651747,-0.29105829229749314,-0.2565073787957223,-0.47468105767801216,0
0.4624546206372737,2.6602660796687156,0.12132574981091793,0.24046346195862622,3
1.5060113224294427,0.9768957133820955,0.7281799715116993,2.0209113336740088,3
1.1460559100291414,-0.30403853228738764,-1.9209113008833527,0.5448293995230072,3
-3.338418821714389,-1.2320833406028593,-0.6515464614504503,2.3370106895479124,2
-0.8655452084358781,2.0684381821087316,1.3896050680881538,2.117080642213196,2
-1.6314099093908179,-1.7749472292532085,-0.2162469554677666,-1.5576700034249829,0
-3.0265641334225313,-1.1775403590120415,-1.9819958615584614,2.2195346421672695,2
1.0485139751210961,0.3608411020896103,-1.1405618336933467,-2.2675422734970443,0
-0.1643436364084674,0.5177416633663727,-0.7882937317777055,-1.8421959766278486,1
-1.7282557063693378,1.8297153099558985,0.512286631202694,2.1523676800029947,2
-2.2759195285569063,-1.8132628755279927,-0.4153066783159373,2.0821184356853486,2
-1.5069250046249545,-1.3414434470924839,-0.23080670726910177,-1.0391321381272436,0
0.1584221039443583,-1.6938597957057513,-1.190687763000725,0.6365424807700417,2
-0.10191938769709008,-1.2966342139845817,-0.893026312069615,0.3528638401506742,2
-1.9542721458046548,-0.6707627352073383,1.2115760016328987,1.6343404502787537,2
2.1222177611889257,-0.8595095124398724,1.1764872576561878,-1.4473002102730463,1
0.4069754068564554,-0.4977360899416714,1.6561551425290275,0.9796350266830817,3
0.598266167595497,-0.6470242007085403,-0.9079503539527586,-1.3373779720373593,1
0.03844682362485807,1.3378845598237141,1.5795048246286385,0.18164037911801212,3
1.6079069030306399,-0.1606214706488962,-1.1093150260586029,1.4412460030228078,3
-0.3937460518805538,-2.979124915457871,1.0694482087584,0.04881323350373068,3
2.017323047666136,-2.0320216036044636,-0.7627116073533354,-0.1418678105444654,1
-1.4744562557071679,0.9843394663103244,-0.43022228779150695,-3.3438078843899426,0
1.4866198929210805,0.9481007633304604,-0.513349793432725,0.30808332715616116,1
-1.4176257663928127,1.8319895203123813,1.7287596012000148,0.3401211167790711,2
-0.05095153267585939,0.43967858361397694,1.3898558330830764,-1.6820856802088655,1
-1.2226199780701397,0.679985357307807,0.3307298018427705,1.5426019245963372,2
-2.6822979529056297,-2.7906972581965643,-0.13431311667334053,2.2939483450288147,2
-2.726874799791789,-1.6071705631358362,1.7923938091488054,1.963359998507665,2
-0.1403496321787574,-0.12655460969333865,0.47589351625011533,-1.1043560756394788,0
-0.07109929990334196,-2.1482532467066786,-0.7485422833794532,0.5606242727046444,2
1.5231360941116665,-0.49751070493760285,-0.29747703669898734,1.0946648686236735,3
-1.7046896169735495,-1.8917305476508266,-0.08413373843039751,1.3061668159277984,2
-0.35170937538765557,0.32196335892624695,-0.6370166667808487,-1.034330028619956,2
-2.451381980137906,-1.9034234327516393,0.42369365292623096,-0.3274811586466534,0
-0.09377400962558102,-2.8868542075298116,0.5708448529239255,0.6397665043769438,3
2.1709452171186947,0.1521118335553724,0.12317548068522999,2.3886186355670276,3
0.7621590246817984,-1.2172065883200296,1.4575859360104542,0.7060419077476299,3
1.5579634528874133,0.3442529837732008,-0.34223815299508664,-1.5672734457697843,1
-1.9804120048117873,-1.1645299769384754,0.12710857418562233,1.6885314167810486,2
0.6188481214871381,-0.43097024354612845,1.587354868358844,-1.2509346598803797,1
1.7719409715820167,-2.1813847268933912,-0.27111662373263373,1.4671623361790076,3
2.123043335647431,-0.40858318405127947,-0.7580849451231948,0.350734313901776,1
-0.8421426636388104,0.9061045835791185,-0.08143023624292901,0.7192914297990443,2
1.3467606133961032,1.6180956118926986,0.5896937949540763,0.7458120448600782,3
1.1779942243607564,0.4898396273510721,-1.461544981800474,-2.1969146449421286,1
-0.03961033722023144,0.09001992824286797,0.1523562531849356,-0.7074972655853033,3
1.6152773893434853,0.9008888153545545,0.17363577123647794,0.3289155695627288,3
-0.6826953143585326,1.2131603619697797,0.31767528280743107,1.0463106542966185,2
-2.4199835167038173,-0.34046881637304627,0.9659016762812134,-1.1645118204114489,0
-0.27865480181395674,-0.6472027966795693,-1.1115529726972235,0.5262041824684783,2
1.0288200253619222,1.3732589281573457,0.06014583392349768,2.1698001980219574,3
1.67768725908579,0.30420780008749815,0.7367286472146324,1.032457040045822,3
2.975090547827221,-3.1414008303994354,0.06150859491366783,0.6610571544983848,1
-1.5570129789710938,0.8427521783831877,0.2702601846553105,1.4884029090288797,2
0.22206589652365194,-0.11470013187939576,0.260997846560005,-0.9210320272152477,0
0.5774145628447899,1.4408387592756529,0.09972103431878392,-1.9148345709043655,1
-0.16559154224665862,1.7418192510061181,0.06342317890764299,-0.9291207332273459,0
0.8056956292083914,-0.8446909687709007,-0.06242389074145022,-1.1511505473815298,1
0.08238391940394807,0.20540847891859837,1.1236280866465926,-1.6726574081172871,1
0.4196891260777593,2.212485220146103,0.7724392299117839,-0.21932123849295804,0
1.0764087958010509,-0.6030262984498571,-1.5432559617182644,0.7282119487648735,3
1.2968474225527546,0.9090852438829536,-0.06366860859688561,1.444302956419861,3
1.0909690835811534,0.555638758521414,1.0666037363765273,-0.6326825061264223,2
-2.54380593374397,-2.255855175092836,-0.19497836574330005,-1.204734975576832,0
0.39465646690395206,-1.7963615730501978,0.6336163190323891,0.5220819672757525,3
0.47690068343985303,2.343353871519226,0.446214883820305,-0.5814585776328893,0
1.3279379037745012,-1.4129888907350088,-0.8491777000100096,-0.7708118328192322,1
0.8459091576942646,-1.6468903108050348,0.5960720944223717,1.397112018961331,3
-0.7591173362606269,-1.36719161928293,-1.0540079214497224,-2.202840752057387,0
-1.2397648128080527,0.6919486897080255,1.0204265575324643,-0.43955034844100227,0
-2.431650905032553,0.4452666249094063,-0.3226584230394587,-0.862449138518403,2
-1.2648890344815211,-1.2538066099435725,-0.7200629981101836,-1.0182558387017557,0
-3.2829045263946632,-1.0169108495000647,-2.3783650879797738,-2.219309737676835,0
0.5112686643667388,1.6636386002709425,-0.6460737056728144,-1.806734960829142,1
-0.22374081323576722,2.3317165892846377,1.1921355285831186,-1.801910704415651,1
1.1034873678178776,2.6929138976999107,-1.2426816555689626,3.2264849863121303,3
-0.8884799886163982,3.1522851714474105,0.6282963026456692,0.1435651335434307,2
-0.09880372507051738,0.7274936282106264,-0.6983961920884443,-1.6508703894690862,1
-1.7075066777524375,-1.743744537026394,0.39237051030494524,1.449006241272096,2
-1.4357369539260045,-1.7110391505519777,0.98213076805573,-1.7767188804156702,0
0.5416133481136216,0.126378637232889,-0.130623784624238,-1.7163412926125818,0
-2.1544891922490814,-2.783175660624535,1.0566683962595238,2.1292813283800918,2
-0.6036356767359353,1.4377440214430564,-0.11758607244162216,-0.09914971868128863,2
2.1954731365581206,1.007710394607782,-0.9694390868399905,1.4700497861870565,3
0.04421476723586326,0.8417317806489518,-0.6689684849258871,2.4854052311548753,2
-1.1587242272993066,0.7847694624781165,-1.2225394110445145,-0.6240540547296246,0
1.587460794260036,0.8251080322231656,-0.058166814194066226,-0.8162230419015478,1
-0.7580069695247719,-1.1266421509772557,0.24081912284910903,0.9958232004636974,2
-1.5978661065073154,-1.6104442135173942,-0.4623290264707587,1.438496741557103,2
1.0341181662684267,-1.1712932241373208,0.5504046105958006,-1.0330053618969284,1
0.8922328536002951,2.7605728097773525,0.20953054120554934,2.545824655830631,3
1.611559448564559,-1.928504787936216,-1.3601540715401768,-0.6232738780827423,1
-1.383446627277272,-1.321731140110955,-0.4535382243513904,-0.9922827341962802,0
2.1371139003202098,-0.652755786019604,1.402993333260657,-0.5219645100494728,1
-0.7894553221852976,-3.689319459477369,1.2711733999851622,-0.05236116822839976,3
0.5472831407814343,2.260254342350917,-0.16101496028899054,0.21229360906516037,0
1.5546023115947882,-0.2926502773610604,-1.8314952235873845,-0.41859926379758905,2
0.793535544842219,-0.9620719564363158,0.0696901652336544,-1.220833155716926,1
0.2711681011740681,-2.0199363836270767,-1.24804562021313,0.4712099375133113,3
2.0506004349929983,1.8125804324068095,0.3952732944710903,2.6781696359375653,3
1.3002277752064448,-1.2162843939713857,1.557463302038494,-0.7010002611381907,1
-0.12973269098535622,0.5222541612346718,0.5977948933849271,-1.7852528399313807,1
-0.4556231621130792,-0.28463505652333987,-0.9288429489753146,0.11105218173450593,2
-2.435730238280992,-2.1314667854889575,-0.27719811807332967,2.340779013739065,2
-0.25555583992289455,-0.20941182867887664,-1.4627883929649705,0.5213767662748268,2
-0.9139033742791969,1.270144999186726,1.248484124049249,-1.9584055974776464,0
-2.5880322449846975,-2.4593273155729687,0.3928153703220351,-1.0843168553932616,0
1.667122579488888,0.21684207956524892,0.7009024950743078,-0.8583170260258803,1
1.669121731645712,-0.003993053570229388,-0.5357109050317803,1.3890393591752548,3
-0.9364040877226861,-0.8297113749281703,1.4656819023302627,0.9221413144387676,2
1.3910723603326909,2.0436167619215384,0.11023036964818372,1.73665913207258,3
-0.1067720017744378,3.0538072428015943,-0.32307877649979144,-1.4794010834013258,1
-1.8767190041545898,0.1020856290424208,1.1716190885947508,-1.7121035987477438,2
0.6645805893526628,0.44843682196314427,-0.6314949145278502,0.45625598308841,3
-0.6935301032618622,1.0167287910349572,0.19823922241985126,-2.3384065155603575,1
-1.5057033839032234,-0.6868593377519827,-0.7777411645247343,0.557384813336851,2
-1.5354578708022315,-1.4906593517147486,-0.7943698730542249,-1.861491874871174,0
1.3307097862170054,2.744079653318077,1.5003297093555263,1.8158392147031814,0
-0.27103521980728584,1.7051306758170268,0.14474664330966666,0.7231409013443735,2
0.48077917977683127,0.7197155722509117,0.4493749702485743,-0.04356902214988123,2
-0.20686514532928446,-0.31548298662453433,1.787513075731088,-0.8960751024356746,0
1.0801830085327713,1.143868726844165,1.2807254963671817,-1.1420771415981852,1
2.494277977073355,-0.9771795325725352,0.2611276319676801,-1.0934249853121463,1
-1.019867750502877,0.4946161779525413,-0.696692073123969,0.555409640017054,2
2.6123401667580994,-1.7330708214744281,-2.4740578879644546,-1.6168550160758102,1
0.20434233656557543,-1.6427251933658424,-2.142509459019948,-0.1033802200518128,3
-0.8256084417335503,0.9995555283259189,-0.4141455457308294,-0.6428121974501508,2
0.29788743513002713,0.8988641377380423,2.4504116283425867,2.497230344708912,2
1.7856382415279102,1.190916583655791,0.5832787301374619,1.0050635652808508,3
0.7225942224277722,-0.12663152097156738,1.4040853953903254,0.410984159687953,3
0.4878576860451903,-0.3966349837640535,1.5522583978408342,-0.5136317835931992,3
-2.065397701009676,1.8564238316814454,1.149005271980157,1.1426047309233682,2
0.20292949269009253,-2.4415304858436597,1.5897308764434515,0.8249219349318467,3
-0.030318952453905146,-2.83382286639218,1.7347724551750852,0.7044445739139507,3
0.8783153958857027,1.430458664622379,-0.1836192783819503,0.11795754308486806,1
0.8626202884984474,-1.1043414504850873,-1.1746124051862528,0.16511779153411443,3
1.2728889084959756,-0.5269787389867435,1.0991099053416775,1.0801583642548693,3
-0.37843905167609615,-2.5694361289016854,0.08136325654340398,0.713648977372455,2
-0.3921211798621502,-2.055180802786393,0.6213342676709481,0.8899192688837818,2
-1.929425135495514,-1.855292377353258,-0.23428853768288813,-1.5500290430202392,0
-2.1026985144666774,1.5230585866851214,1.8791130840399297,0.36174597791478036,2
1.1795347820887776,0.7434712474132088,0.6012581002132574,-0.7464052219416439,1
2.7156143186478943,-1.8697749782069635,1.0377967006071587,-2.3813200825390135,1
-1.0089401519279968,3.2891201656777778,0.16606533812464538,-1.993430346423703,1
-2.8614520025350507,-2.6149270458200418,0.0828663958523574,-1.663289818781803,0
0.7766184111537365,-1.5640194605745297,-0.3466141670845484,1.1158013974097127,3
0.3193547656087641,-2.4215704058119005,-0.049741897089053626,1.0553880519857899,3
1.904931593416617,-1.9555248850645692,2.2481487889192775,-0.21598568853876554,1
-0.011608040979126821,2.0619827915510305,0.43395097445024156,-1.12234570875561,3
-1.325291242074801,-2.1435257681536983,1.1277297242861903,1.3291259176403338,2
-2.4447450643453337,-2.3594495967685662,-0.13838135354999767,1.8563369312336016,2
1.3596541553920867,0.15217885234581718,1.244776628096632,0.06210495030431329,3
0.7110429776870606,-0.5528192914746997,0.11641195396601577,-1.1742461488182694,1
0.4593387572810308,1.6087111749291099,1.4398872855182103,-0.8314635009553565,1
-0.6771239786245591,-1.1557409493095936,1.7954943731369084,-1.3395985239922714,0
-2.73745512120042,-2.696084801807393,-2.305664738826902,-2.042073988322098,0
-1.7973997641031745,-1.3146170748733716,0.4952600094154879,-0.5229292071785621,0
0.2562979747737797,2.321318240577526,1.2576686112591695,-1.6386727366415612,0
2.368967248484229,0.9883833877062931,0.8075849239593144,1.8910153458549348,3
-1.291702542274653,0.015572748838500128,-1.7820319335113728,0.2044951859275922,2
0.47435035909716405,-0.6963534063138521,-0.015958883766018332,-0.6455494230557739,3
1.8034746909063424,-2.0616204189665845,0.6956106115812489,-0.42589639328215945,1
0.9311557863892493,-1.2783518579962934,-1.222157339492656,1.1685569797138051,3
-0.4450117885293976,1.350919793301023,-0.3647965767693229,0.1590777734192821,0
-0.1586466918524485,1.4262963553148669,-1.982472562768375,-0.9016063499518194,3
-1.0808666575297288,1.0669195834926635,-2.355944497374858,-0.23137322279458528,2
-1.3775238252825428,-1.2358623661872215,-0.21931982930241561,-0.6883546618852578,0
-0.7174836038593246,-0.9001176959859445,0.9267373253938807,0.7781617847992968,2
1.2286235081494876,-1.1476442544143093,-0.024227368933061523,1.6860921019388093,3
1.5723161537029502,2.0450061204822862,0.2512330119588598,2.2083405910231826,3
2.5628078103258716,0.8936256448649461,-1.4624155485385901,3.9369893328728836,3
0.5570693662346013,-0.9294221013763919,0.3713669445559252,-1.5659170681831438,1
0.39015342561228405,-2.301752093082241,-0.28418180247995545,1.0920333711139305,3
0.021110673897913768,0.24589427010547427,-0.025492919549103925,-1.6996129681448393,1
0.10855904778894021,1.3590176811191292,0.17830374368063184,1.087999001728062,2
-0.06119390285283921,-2.6023270446928315,-0.285094927359115,0.3817123094414484,3
-1.1018815572227945,0.059157208337869305,1.5251265745807796,0.6420599848396857,2
1.0881701756476452,1.4492459515614908,1.3465497246310636,0.37979967166885187,1
0.4994449407739273,-2.1789517395810263,-1.2770888424964317,1.2012590783421626,3
1.789418760583609,0.23830191649713584,-2.141424380507579,1.3870749542040066,3
-0.42874977676563064,0.08694089277555561,-0.5669461908557333,1.560080909762089,2
0.6224199417858824,-0.2611589871988025,-0.053766694333008735,-1.0821547528226507,1
0.8991684445692468,1.3710986773553437,0.23969478784409393,-0.6525822029819548,1
-0.19480748969332828,1.7023837425736874,-0.42825255988548994,-0.7173162031154974,0
-0.8453252008471059,-0.39912794509708727,-0.5496841332342534,-0.7510076756070578,2
0.29185602127316257,-0.2774271200507764,1.0253161611585038,-1.684171601332587,1
-0.32899741819755834,1.5221682240418692,1.292425075783125,0.9039701809119365,2
1.15906526411466,-1.3157703068551898,0.6453302208042182,-0.8847173468143085,1
1.8044655642692056,-0.6357080279709435,-0.6418053182353827,2.4383267872719268,3
1.3867453524436018,0.5372206118200176,1.170220597620757,-0.4247184263840619,1
-1.1966694204319712,0.7622337453940866,-0.5386454694430673,-0.718139344035855,0
-2.1107709306084828,0.08781975487427718,0.12126335802414145,-2.0646476128412967,0
1.2468020637121844,-0.5793687593550919,-1.4230460792172221,1.0777850788667782,3
0.7455472919751418,0.3412484412169874,-0.7583412311437564,0.9273585033317022,3
2.1727860414380533,-2.4075717277982562,0.4825611889620818,-0.021935616520387557,1
0.6661533332695502,1.6011534649146122,0.362589260569042,-1.2974316554187562,1
1.06055088838859,-0.9743613915406321,1.4337367971095676,-0.9409630217385676,1
2.818698506532534,-3.293784119961589,0.14265038915192307,0.3397409009417347,1
0.1235190242133769,0.6141068227244544,-1.2483530380425594,2.089519227758131,3
-2.638512123186067,-1.99512802174435,-0.21308343872988375,-0.8745549944533845,0
-0.03985552124238212,2.9453617666118648,0.4754093819174376,-0.22266321413372858,1
-0.5585113626823919,1.8087453672065654,0.7895503202032383,2.5331589406136352,2
-1.6763404344890862,0.27732868017498014,1.3019190219376138,-0.4318896499597711,0
0.253968625108588,-0.5847472278674349,-0.35835053670454137,0.28099401635383536,2
-1.4197812766664748,1.342638140965762,-1.9387041422770037,0.2686135872046974,2
-1.2442464470865429,0.7283124415035042,-1.160771211879964,0.8311632457187857,2
-1.6232737144014235,-0.21627469393058618,-3.6071748946264046,0.2965824276937883,2
0.5585310046677432,1.5778027064165654,0.9334100008633677,-1.2016207760456816,1
2.931058153892063,-3.0156350644316134,0.5321113181691438,0.71151104179938,1
0.32427845007599254,-1.855224986230506,1.2305269335052258,0.4141598537984772,3
0.9530869503226592,1.2267493802482452,0.47951432823155926,2.1177541869680754,3
1.6479728261153144,-0.042229694851075195,1.1546517705628814,-1.2723156696809823,1
-1.606692778784991,0.32648898331382925,-1.0721820142241734,-0.6899758669144636,0
-1.2165679497558393,-1.135801828490042,-0.5902713340265872,1.1940833198507,2
-0.19809793205674275,1.7810759381062797,-0.5501461915997041,1.6643735738339163,2
1.4285773211761426,-1.3472505045242746,-1.1678413982023934,-0.5545605175288062,1
-2.377016398108955,-1.7822522797727474,0.0665225253030755,-0.266883868733664,0
0.8578699757531163,-0.8982179811100819,1.198383531789622,0.47674053210893164,3
0.6900948052548896,0.6050749095202597,-0.8866216071675556,-2.724266129378821,1
0.7055385908329388,-1.251922049486062,0.6245663879046579,0.6043673250581769,3
-2.250882643993847,-1.0171309314707555,-1.2381189575101388,1.5579989664729323,2
-0.5058873860347022,-3.336895550275156,1.1588407775026668,0.20634068023199503,3
1.0692467179566933,0.34005075985261124,-2.840560632855062,-1.8430092653591765,1
2.174731198180103,-2.564445010655078,1.9665565026222873,-0.12210041855945009,1
0.6052952608466247,1.6840222120573176,0.4416953993581958,0.9707666023530264,3
-1.583972975890615,1.0289445654098897,0.9784581692655566,1.1937653303623215,2
-1.9352603793629637,-1.7730095507475072,0.12858841598827184,-0.7390581426000318,0
0.027270236017140626,-0.06423601329296058,-1.1208694478277765,-0.6568364309341944,0
1.915774968919689,-2.034044687547624,0.5370096037015862,-0.23003241220631976,1
0.642634407837905,-1.1891626573449487,-0.5847864767369589,0.1563508371891611,3
-2.081156205110621,0.137265539356332,-0.17711554751918157,-2.022807173969407,0
-1.5528232040517689,0.6628901848083832,-0.44460339025094886,-2.0706253573495217,0
-0.3043220156545686,1.3503201481719191,0.455180165909086,1.3338188477113513,2
2.508301209583146,-3.1659121978698104,-0.5149679304669637,-0.005322531012004417,1
0.056639619876775904,0.29392309210386713,0.2661607858501292,-1.6874725697787114,1
0.19146967316532404,-1.6161085550599674,1.184672499644397,-0.16883318403148007,3
-0.9333913302525622,-1.1345255400582182,0.4896387206745766,-1.5966711832210114,0
1.7460759772019867,-1.9955588724550726,0.2972364692276424,-0.4925644563075856,1
0.23698316147441123,-0.8649033599263034,1.2995234046464743,-1.0272359951066483,3
-1.7441978875705146,-1.6963356823677098,-0.3331404780608164,-1.5602182711535413,0
-0.361349724836435,-1.2802766063920905,2.9065833704517976,0.4903748122230427,2
0.5513972396886164,2.3390956914705465,1.794810767490443,-0.2971278164499098,0
0.33329353637667136,-2.4671968412033065,1.1218431313696262,1.154925026635544,3
1.1268747037204958,-0.6211629539676502,-1.3905687003401583,0.873410394182208,3
-0.6899732427079648,1.367314924032369,-0.8143992705013836,-1.5467679220618749,0
1.3502062378648507,1.6152228164113094,-3.3175494577189895,1.3419760428641452,3
0.689814508169027,-2.447141348759158,1.284258000388209,-0.03117135337833532,2
-0.931071311351613,-1.069115425870865,-0.006402730529993499,-1.1082227600183707,0
1.3729964107465054,0.818884709034948,-0.821205031863052,-1.0754762476773927,1
-0.6964931658902875,-0.23347030423063186,-0.36632368995036857,1.2450000667292693,2
1.8793495332463461,-2.217682575282822,-1.4522455861262553,-0.4230877094721901,1
-0.22764905566590055,0.5028389239889346,2.0166774007848924,-1.9173976654581133,1
0.7849627119067772,-1.5114151304397265,-0.2747086011511878,1.0880694754469358,3
1.6548972054768891,0.0376844130607672,-0.01832545666005678,-1.490860747533387,1
-0.9063403706961877,1.6983847271453867,1.5200865135505095,-1.0035170256254924,3
-0.9288232217326704,-1.4020656045080724,-0.45935003217961456,1.3377614524068724,2
0.05588440377100912,2.347395666140937,-1.823167539781553,-1.4270096027214811,1
-1.4395782060284978,-1.3402321126976966,-0.9795440931532318,-0.7162455726695987,0
-1.1521171142284727,0.6905355157333226,0.8127448909012507,0.20849710741455074,0
1.8206766283695874,2.2289944789382465,0.8914253424558384,2.6120103719998062,3
-2.2220192185324206,-0.22749968037065327,-1.8960503110971278,-0.9835082422662764,0
-0.12309461738145555,2.302144520970815,-1.3300204427875217,-1.4801989486008433,1
-2.9082110387241755,0.2445043032188754,0.6772195196978157,1.9356791805690694,2
0.8352487907938465,-1.9091183176833482,0.5019812291103523,1.6795414616682536,3
-1.836167875344087,-0.9185933420734487,-0.4644570786391952,1.6707239238071332,2
1.5591876511600642,0.2387026578795426,-0.020650453758078845,-0.5383646422232914,1
-0.2700545214438237,2.9592035535831878,-0.45166020918949923,-0.9037402340764646,1
-1.1552454659592604,-0.9651863310888305,-0.7787730595618766,-0.1217947019488117,0
0.7488514058813891,1.8149734115932235,-0.6934594127268525,2.889782373455093,3
0.45153116777140223,-0.3573913158900581,-1.5036414459670804,0.9331152906473618,3
-1.9194148421008506,1.2593778897884624,-0.03718505290673409,-0.2131212002073415,2
-1.0174613777627888,-0.9173464325328144,-1.5506657279266527,-0.44840463500749406,0
-2.213740126899123,2.1866590131063717,-0.07688888536838431,0.013611955982743784,2
-3.3508100268164727,-0.7551558377212182,-0.2160349917042064,-3.7666253471302813,0
1.0849820947555442,1.003551384526745,-0.40778215140455987,0.6040717656121174,3
1.5209036995365466,3.0463679934789116,1.0635328135495474,0.9939057631396662,0
-0.875926967343836,-1.4345541892515619,-1.4389778551028907,0.8329142195352445,2
0.529077640827722,-0.5785510769189087,-1.5288955549602588,-1.4405206096510752,1
1.676199047477867,-1.8190242394609846,0.037110423071974534,-0.49725517223196936,1
-1.531449200208269,0.9815034463749688,-0.8974529124945211,-3.6510098576122108,0
2.1438410215262733,0.8430611536359172,0.48081914183069996,1.515929789447069,3
-0.9363691822511003,0.8912778542925878,0.737898583388215,1.2997089207715047,2
1.571254517672097,-0.5553872217629503,0.46760697540012364,-1.7640056958861874,1
-2.8295951650502618,-0.7389281133870844,1.3886617095058196,1.8060683957458221,2
0.6692975427231765,-0.5714284892658406,0.382189331026516,-1.323873163572516,1
0.9660042127482348,-1.1462571153092,-0.7149949557607846,1.100547797832039,3
-1.9496231270584605,0.016934360926762593,1.0923252154248724,-0.5763014236305368,0
0.41364515590571493,1.5825509300996914,-1.2472772086999075,-0.48460391313933227,1
-0.24441229168443035,-0.17625691924493192,0.13714681160323536,-0.055021478721801964,2
-1.2445866244678203,0.8289195642410331,-1.1980582863158298,-1.0425689682636416,0
0.4835221076822942,-0.251140584663581,1.6192476589200404,-1.7486468568709699,0
-0.2062849049062191,1.540972942548342,-0.04207246300246594,0.3668185138615585,2
1.9036342030854398,-0.5679337469032946,0.8346283730013482,-0.8349857401001541,2
1.8054774799233735,-2.0388764661490457,0.06107812839077951,-0.4392088001682365,1
1.8133744260613796,-1.9275667931659974,0.7489211357414977,-0.38017444040075676,1
0.9916587151322485,1.0310226558374789,0.3258546899622843,3.501615082901435,2
0.8866144587129824,-1.1143949252457284,-0.41638095134875924,-1.1859294151283466,1
0.5256886262287909,2.299699770684195,-0.060331254862440516,0.16996334184960304,3
-1.0359495932629788,-0.8150478410045269,0.5965645584153799,-0.5738061420727529,0
0.9270525638028098,-0.998629876473847,-0.765900941854576,-1.0598394478532933,1
-1.3468218491705204,0.9858783678658893,-0.42439727078854617,-0.5696252756222011,2
-0.9996305389022815,1.717378493417383,-1.3052025849840356,-2.4443291837821945,1
0.7930891211899778,-0.9268629322789147,-0.8177745827484554,0.4437915576502749,3
1.80073483803466,-0.5722153438548301,-1.6087912359195555,-1.2590131527699002,1
-1.2608534928949033,0.47515703780231133,-0.8324224466156647,0.6473409177080169,0
1.7324351434375855,-0.2662116546753035,-0.0692485021907278,0.043805623647014125,1
0.7266452800933985,-1.4213066172423081,-1.5521457805191308,0.8519776489859381,3
-1.7116939799247546,-0.9573445600969431,1.5971245655327466,1.5296094432100233,2
-1.559518487205613,1.1001195535740416,-0.1691438014521555,0.6650697325728576,2
-0.6326031221181213,-0.46319679004821945,0.6399406820703345,-0.004201200879083267,0
2.029547541189199,-0.31195632708298837,0.5155034674432796,-1.3832106234662156,1
-0.7816810977159543,-0.9245413161219452,0.006888323117861133,0.8259629561967353,2
0.7588660760303424,-0.9250236176091329,-0.5872175773889372,-1.2361537347780591,3
-0.996539017957679,-1.1918206796065698,-0.7853098950992501,0.910260842670758,2
-0.5802100133670599,1.4333052995207733,0.7168933601784849,-1.0498056277087977,0
1.5659716630136327,-0.456335738042679,0.360787644405663,1.7037111634141957,3
1.0282650690651713,-1.1831504098194556,0.49070687196586094,-1.033562307604359,1
1.3969143739764427,-0.4896473928794005,-0.6851294708847042,0.6239936070817311,3
-0.12547890335965695,1.6875405970791646,2.118236657446602,-0.2357527406903639,0
2.0992394088919286,0.8743858842266079,0.6978577424237575,1.3722574258429943,3
0.49910855080183025,0.4240224404800119,-0.2132593458637332,-0.4600509711926324,0
-0.38284987451606367,-0.4011538223056331,0.898860688611704,-0.8062213218411822,0
-0.846779074573252,1.3365293397557945,0.23751648720145177,-2.1573075664737873,0
1.4673918394428607,0.22078010333738074,-1.2966958249454439,2.0332291435101446,3
-1.473432229102155,-1.291110941393152,-0.1783949887980943,-1.2453935306968067,0
1.3650624904031683,0.6063051735542868,0.1490757703037171,-0.9224266606012943,2
-2.083928993495652,-0.05117030132543676,-0.7797559497489522,-1.1180070759836864,0
-2.045108309941111,-1.2120170068261333,-1.6400248186089879,1.5484996395515047,2
-0.3917123909198683,-0.4508122458194448,1.0322915862265165,-0.7118920844177065,0
-0.7423794483983392,-0.9674428075804394,-1.8832462833205326,-1.2008793061989242,0
-1.2874451793482553,-0.5715562032174868,-0.4332093556664144,1.2506976936039687,2
-1.6323260657303855,-0.4525234039048224,-0.02856709200809371,1.4902315982950056,2
1.7113749978703479,0.8718807155349888,0.20565420987174937,-1.4321152970061393,0
1.5633080282032987,0.05266633035400092,0.18483791549700024,-0.9327652428622921,1
-0.29513411803873224,-0.20697582933829584,0.39537832996910277,-0.2992518624252478,0
0.3957042835962121,2.4235973910141535,-0.8352882480153764,4.048825038171854,2
1.4335704975663957,0.4537091138485164,-1.5895077741433543,-0.8056556322419056,1
0.1291815596312822,0.08594144344348864,1.7322898346155988,-0.49913292022565225,0
0.3617191761873292,2.2632533288540015,-0.7588674107557384,0.9276398468608458,1
0.46843987300353496,1.5014327541767623,0.30772983986265057,-1.818491774582048,1
2.819017701755632,1.5584094651763054,-1.4797585697203366,3.3836959842829883,3
-1.662027931970102,-1.164722005860272,0.4307253343711831,-0.24800115284733348,0
1.222627774174548,0.13479848355313284,-1.3990396813128636,1.2298965425050221,3
0.6998163218070866,-0.7149407429829766,0.19811444809897263,-1.2712023475855625,1
1.6239807284557926,0.6972068958632929,-0.6411974815236792,-0.38662467431587844,1
0.9962571248578891,3.0830179450310435,-0.8402000160190559,-1.7757941722055595,0
1.1101904512026979,0.6672898365437359,-0.4549818314978332,-2.0038127351737893,1
-1.7326448102401846,-1.537693828186732,-0.6777726250395364,-1.437731195359151,0
-0.4279092895407397,-3.3833102496189196,-1.931581651156463,0.4313653824179521,1
0.3391788213059038,0.5632502741830989,-0.18548725376441366,0.12551029706534478,3
1.0025718496620852,-0.6562625870243717,-1.2177653381188418,0.6313077710826764,3
1.197135978861347,0.696560252107308,-1.1782232972151425,-1.2739650004293037,1
-3.0923407696089,-1.1401131904378907,-0.8669522737041119,-0.38840040771070006,0
1.2586442818827694,1.52781942924634,-0.2028402182773752,1.1663141102408803,3
-0.7407797850993514,0.8647945317157536,0.0961581149730887,1.02203306705554,2
0.8329926071588787,1.877539465132867,1.2957668224752188,0.43415097347887466,3
0.4373402640476538,2.643867976379146,-1.3281624190983712,-1.0940074377933444,1
1.3853261981694818,0.17888850541767676,0.3348160430018014,0.5342511865132136,3
1.082157508657655,1.0225965699792448,-0.7549282873484143,1.3737997415146075,3
1.84958993518974,0.6593642827280004,0.9296621735504393,1.0337042315541156,3
0.4595477740949949,-1.9399761964605127,-0.22413236241693107,0.8423184498079039,3
0.5785461073047892,-0.6736046142794094,0.4474983824977195,-1.4166423496225484,1
0.5255843840620373,1.9801086196742688,0.2010212274994456,3.2293056117443317,2
-0.3857493018818454,0.4664004346887983,0.8051872980859194,3.5554152413973514,2
1.286382490250041,-0.9156778119141269,0.13498760190948134,1.5636602937022468,3
-1.0905930176543597,1.2494127824279597,0.32415214336409076,1.1702725234678244,2
1.2052643210612157,0.9099941178723507,0.7441502250786686,0.590049718123276,1
0.9440111564130544,1.035226579403617,0.8535660334125389,-1.4278389893891357,1
-1.6965375388276556,-0.6908861627638345,-1.924508322002703,1.437684005318797,2
1.541634472012663,-1.853846225006793,-0.5626210585318022,-0.6971605897840736,1
-1.0503960174611977,1.5292843163578227,-2.254638560722466,0.34227063000418767,2
2.1813296226973655,1.716602156717022,-0.4416953964625192,-0.5525446199890656,0
-1.0822330055547225,0.7910369996952428,1.102872644194973,-0.47701931001364295,0
-2.2864812308550517,0.9527040108906053,0.21702968214712193,-0.8161110253945587,2
1.1884357761919824,-0.815804857356723,-1.3314516933613512,-0.701540720592053,1
-0.8281086702994995,1.3422444667044195,-0.5470953576426312,-1.949897528629499,0
2.2633367476994883,1.2130815849598393,-0.4772996891773698,3.430996791103871,3
-1.0594008325819924,0.47300207979378284,-0.3849393673118513,-0.7439953841275404,2
0.7190614625866312,-1.603765764088545,-1.8426520185894015,1.0426447939127927,3
0.8793181892957236,-0.8535001264198551,-0.75652341076687,-1.092233307039589,1
0.7396853619186929,1.1129695832944448,0.10634289655048908,-1.3577334139668151,1
-0.3821451094484297,1.0620187854612302,0.7923305967285045,0.8247232273546412,2
0.7056557882672582,-1.1470061788867563,2.275487934402607,0.5025000309941844,3
-2.493151674130118,-0.19321660527243023,-1.0180250449637174,-2.5202916156303425,0
-0.9424268520811586,-0.9367461777608836,-0.2737030842402866,-0.9586484921579342,0
-0.28892518490666297,-0.6141911839153,-1.1050153970837295,0.34715120762217055,2
0.6270794331473855,1.2336074282825613,1.2924683276604778,-0.8868601638252959,3
-0.9256153593745028,-1.051821814559516,-1.0674863121725466,-0.9691378755108836,0
1.3114406437160753,-1.3217552469808758,-1.849815404057105,2.0959202259857594,3
-1.2183461209632216,0.7754287157778158,0.8006588370711611,-0.9459184197102481,0
1.0467258735347587,2.6977537794525883,1.374451148374891,0.6826025289785476,0
0.1822052624981505,0.0974689424365951,1.9222951894581526,-0.7703168680913903,0
1.2005526519063794,-1.5716201720380125,0.2423267609698969,-0.9770108419979472,1
0.5783951643032794,1.0612943738021388,1.233272020578237,-0.1927617053463222,3
-0.7703095040531326,-0.8831513504791777,-0.044173798100446,0.8967057898360254,2
1.5197792475947383,0.2431667383220094,-0.043988957260390364,-0.017862186702825356,1
-1.9259295348814227,-0.6357897214467902,-0.8972638768184213,1.6587392046109672,2
-1.5206882730616846,-1.597858420048163,0.10534879262476078,-0.9420604815850745,0
1.2102455440481201,-1.7551332343380435,-0.24887769113977465,-1.3623433682264992,3
-1.3795199988630766,2.0166888501280025,0.3884021613101348,0.4956507069238003,2
1.12632684465832,-1.3936294438838597,-0.9486012953344874,-0.9566998693792079,1
1.7094170188550168,0.16947782899842778,-0.7298363002355397,1.3006539262143892,3
-1.2022193827460377,1.1037876899184813,-0.9865309444228196,-2.4505003303004984,0
0.09552861320720496,2.4718497614209616,-0.12333629362403845,0.6474932819151243,3
1.5271696658077722,-1.4663158081593626,0.8289569681143043,-0.4949152392067674,1
1.815113560429615,-1.6528906622870776,-0.30153960838946203,-0.18275998162445384,1
-1.4813147349221731,0.7716811235114437,-0.0709946650473387,-2.3310384586918707,0
1.1363399641430976,1.2594883692392778,-0.5637179920689829,-1.008415685767996,1
-1.2900125855668867,-1.0575506490106816,-0.6073378000293557,-0.18086514155297007,0
1.7367767064338375,-0.6225772695468865,0.1987089579090856,-1.5095891631402139,1
-0.09870782609012196,-0.39424592028464756,-0.9436669522771333,-1.8658175693388452,0
0.9852133322017899,-1.12212296678942,0.5738415897045327,-1.0530668854099052,1
0.8937563565440397,1.7362753590877964,-0.5305421596596748,0.21621088947195888,3
-0.6207803352137815,1.2698275624995197,1.631508046461204,-0.5937331471630011,0
1.5369988554185765,0.06281798088073676,-0.41356973450672546,1.011807770604878,3
1.8782933507978852,-0.24162940279778877,1.3258302518510647,-0.9292680299815619,1
-1.8574685360960235,-0.5898554400699003,0.7398212296005963,1.232910796682278,2
-1.9533596235266482,-1.8038213757218187,1.7245225331150416,2.0917708452979062,2
1.2842372417041097,0.4840203369863485,1.8002025583134698,-0.8948114573713636,1
-0.589927287452128,0.44662417440119173,0.832284445244578,0.9199892100996704,2
-1.9023702127289635,-1.7517634213826039,-0.45202209004301747,-1.5628182348514197,0
1.3452784394115809,-0.7125912690968927,0.16074115058498245,1.4560603066476714,3
-3.8827828039498007,-1.6052704767557935,0.2526565468409225,-1.982478630918412,0
1.1420146990007614,-0.6278535022113736,-0.48466305277678756,0.8817934237254675,3
-0.4881420432736784,0.05872792480186184,-1.6062749490219372,1.1365917356752082,2
-1.0420498998289003,-0.5327570764428828,1.4896007114222285,-0.08955980715008427,0
1.8435203154851285,0.7544520414030209,-0.0236584008437623,0.9154602036457509,3
-0.6398146891318327,-0.11889571368883267,-0.33245114164972506,1.794704334160118,2
1.0137711372049922,0.16511281726896532,0.421303230832006,-1.7301635064492817,1
1.597618669802328,1.609414817615203,0.22808643907049686,0.6658181341489584,3
1.1745577397401545,0.8850697059365007,-1.4288520371735853,-0.6726073968419886,1
-0.4334366816700913,0.29131122671771736,0.9237102947327803,2.164397996348785,2
-0.01792477940119097,-2.6401754596169953,-1.0347351591381064,0.5488492966522169,3
-2.7069450539312205,-1.4060787629741474,-0.571176641435034,2.0774146253572647,2
1.6550964971303779,-0.2578330147954542,2.1964563079614123,1.6674044466200753,3
0.02440427102882281,-0.8440961461380532,-0.29469994893068285,0.23607578796345086,2
0.45547394492998694,-0.10673025501691713,0.04782104749299247,-1.321766828274796,1
-1.8781028342084187,-0.8158823105088844,0.9877197818339126,1.3492168665681348,2
0.5356680155545974,1.3727651568602015,-1.8113272058021488,0.8153361599444053,3
2.1850721598302116,-0.17403556365952588,0.3863001507423624,-1.3742569411320682,2
1.5031854592726603,0.0808198856447212,0.7305847553153572,-1.3428496751409809,1
0.5709131294813028,1.9039365139604327,0.23906071709482207,-0.7911469983921584,1
-1.540134956713346,-1.5080790983217853,-0.6443758608891191,-0.5280066451143712,0
0.8685775558146802,0.6881773219170428,-1.1239668304305253,-0.40182484032967525,0
-0.9391782174718275,0.9508645801296498,0.1336839028374782,-0.3577139952346573,0
1.8373956391879616,-0.158989374357281,-0.6437695634169736,-0.6699331396120054,1
1.292329809000098,0.9137715398877753,0.7392210944582971,-0.579708185649247,1
1.3426655123034705,0.3222833075672441,-0.725786187457919,-1.6518825588625896,1
1.1876307511184958,-0.5878716490654106,-0.39516918606222984,-0.29813551134735783,2
-0.05100390948260225,1.96687263032329,0.20398356557201427,-1.187191293323692,0
0.7440543861232609,-0.8878138525720749,-0.5623942194156953,-1.2547095827812587,1
-0.3448922998189766,-1.2563506255033987,0.7620925068152223,0.5227871940876869,2
0.8962463616111411,-0.3043524718259807,0.8444056361005798,0.4990225537310824,3
0.4387231261877482,-1.864282371528623,0.7451294278843019,0.6795534734237656,0
1.8703739738679732,0.6782085698133293,-1.2739644128832424,1.075012278315364,3
-1.374914783426161,0.3643947202628731,-0.2313544517728453,0.5773968788246433,0
-1.5450187644375586,0.7939311831339415,-0.780119260761207,-2.689483770898867,0
-2.12590694500413,0.826261619654827,-1.1504129571888106,0.7733334972418612,2
0.29654706721064283,-2.1491875605556157,0.765641085950069,0.7113320505034344,3
0.7984053899635339,-1.8378340268111897,1.557407844693453,1.5098995964754525,3
-2.3271241864782475,-1.4247995593894736,1.315999106213174,2.116421399473974,2
1.895935710854474,0.6300861954487962,-1.4598218009968178,1.2396241837534647,3
2.017266739268445,-0.28095613801317243,0.855312253758787,-2.049586155633359,1
0.9988768911457816,-0.3799789719753047,-0.21348594957147965,0.29742844035793636,3
0.8787668952913411,-0.8944396786835944,-1.1897685646160274,0.5975348809862815,3
-0.7578766373222945,1.2304869177411535,0.8308375412412967,-1.1297638336747302,0
2.2979794954289896,-2.343432850590278,1.247440789593006,0.0886778733047644,1
-2.4537451322785193,0.7515511626815095,-1.2662367321067636,1.043383317908381,2
1.3934086471533824,0.5492918211682363,0.5410141365176633,-0.04643598129179072,3
0.7539599511240713,-0.8952023460053294,1.4570142772841386,-1.2548996617116701,1
1.1133970826484225,0.6293792749791276,0.021694020482989986,-0.03900246723596901,1
-0.7272896080445268,1.3744242351467604,-2.1296018379901245,0.9730689994340099,2
1.2539883333691437,1.2925180757009103,2.015160203753615,-0.2140084897502268,1
-0.19854998594009787,0.5507566303761062,-0.21104756574028508,-1.9381936575949,1
-1.6372318646425397,1.1035260083736889,-1.245859166776186,-0.833022738787266,2
-0.18202308634705022,0.2691644812759886,0.23512240621259767,-1.9991331878484213,1
0.6011416434068331,1.650832069736011,-0.5072008752412028,2.763478805923448,2
0.5051481031489464,-1.2545771187020855,-0.1645276599107446,0.18604713000051876,2
-0.014385831043073782,0.7633552208154937,-0.13882052466591305,-1.1149445849403299,3
-1.0730317142954224,1.019656657550546,1.453489937339967,-1.5298288541674605,0
0.6787194435824779,0.42864653833416044,0.42842307834281906,-0.14564760110763908,2
0.8488401794302003,-0.4806848262610157,1.154230403401687,2.0573965451714713,2
2.080605605559347,0.28309681724225233,0.5876178708117898,2.029119774101745,3
-0.36487014433267917,-0.9431760496801787,-0.0035317328209550393,-1.7541923882839532,0
1.2371626146032821,1.2590850464840686,-1.2706990872726762,1.629954456153237,3
0.6267577928706962,-1.7235827724163335,0.618929454801963,0.9775644914116995,3
0.2960967745207729,-0.0590493923571902,-0.27087588928128914,-0.7379801045206982,3
-0.8591514459983166,-1.2183169405935241,-0.9851068489401392,0.8260733412496046,2
-1.1927914355313345,-1.2532041392504363,0.4193599733213836,-1.3949784586593792,0
-2.093404705804925,-0.05298705762777223,-0.5844672561876988,-1.0911873545299475,0
-1.7212139236081674,-1.78509681580011,-1.2478139732511484,-0.709565281660004,0
-1.055526686277694,-1.1152413886106292,-0.10729634375403065,0.8895584729961229,2
1.8938844662570364,0.0474850628087492,1.2359688509937097,1.4272343002192334,3
-4.869280987836948,-2.396319777984548,0.5738921390046423,-2.7000024677605676,0
0.841795611964125,-1.0100399581589141,-0.7894662128350389,-1.165943324381346,1
-1.004542660988706,0.46250539361246557,-0.3883012787301143,-1.2047798571790915,2
0.5504995563278301,1.4665612271460138,-1.0540043502934922,-0.9669963957516271,1
0.3295022701504816,3.2908615743162883,-1.578696325834961,1.4391156252556279,3
2.3670418249145975,-1.3057743362648235,0.9054495467400002,1.9190852497451791,3
0.9975697200127376,-1.1755052543636577,-0.42368557820223307,-1.1021396659029483,1
1.7034907410429239,-1.0166877485981591,-0.3804924327108043,1.041031863049134,3
0.5385314976129744,1.860295346909469,0.29325824440411186,-0.17319448288435557,1
0.5074855082749132,-1.6632354183245495,-0.4334671572244424,0.6304278544250528,3
1.096549801493068,-1.141006607312128,1.1388754223091977,-0.9314690125509387,1
-4.135045658024267,-1.9816309681631394,0.7855929080555114,3.1869518059430484,2
-1.5120293346557014,-0.5100038395441064,1.7646965805674752,1.3313380040925895,2
0.8790743218483618,2.7069941476198798,1.0425770051834988,1.0357606081034965,3
0.7064515250863403,-1.800861929679066,-1.4975756110897973,0.03965274373510452,2
2.87763537659787,-3.4604141591927258,-0.27198781754418233,0.37354772853832374,1
-0.046832264696724746,0.23467294510284487,-1.1612614599568545,-1.8755507325270375,1
1.4566177152013149,0.35527276480607306,0.16698165467866907,-1.177971890896374,1
-0.7457564083357854,1.7571311475563332,-2.0476020801326573,2.224628993602458,2
0.43193195541096707,-0.015804634302873377,-1.0842840673109746,-0.9268657054477215,0
-0.700863066577065,-2.993575849208509,-0.15956316420097474,-0.6584318161056961,3
-1.5637372135071654,0.5055741653563883,1.3249502929252535,-1.194709493082382,0
-1.3755610433859107,-1.6888328420884677,-0.009324186137035723,-2.168869446920563,0
-0.46929538584633457,1.8555484991010585,-0.46901752015514947,3.2005865901782946,2
-1.1245151214205789,0.9067100195771933,0.296824387243996,-0.994337436408841,0
-0.7991612327959222,1.1100324268013384,1.0654626130030405,1.9429390830818327,2
-0.038218665059899015,0.3178716816085321,0.5050521332060878,-1.76742171562196,1
-0.09439152754411995,1.7666263890090605,-0.546032780201738,-0.7338954870176111,3
1.992294351861446,-2.1102908410499683,0.48094567252099224,-0.19093240494911168,1
0.9178072199585137,-1.1825398097348563,0.5055841648904902,-0.041733716011558286,2
1.1591008659555913,-0.7369118108233809,1.1602914429019062,-0.6900102470903609,1
-0.9188493766102956,1.1826704256663243,-0.2158191989154293,-1.5523206633062818,0
-2.0972551861595328,0.08314954273439512,0.3884844554149245,-1.5706357963064086,0
-2.2834185448675974,0.12592088488974984,-0.1421042287533013,0.2904657557229212,2
-1.480740280681566,0.5481556260517343,0.39996243786366437,-1.102488982136666,0
-2.4411168564646486,-2.3645038106556733,1.3523680507887774,-0.8241750434748789,0
-0.41285899865840014,-0.4245748136810562,0.8514352165276623,0.5933011865098035,1
0.2585188006355773,2.2770127337522212,-0.37163068740970634,-1.969852429022454,1
-1.66843790679473,0.3137838420113791,-1.166591356356995,-0.6823073935376971,2
0.4575797699649533,-0.332275073410255,1.3364047052608663,-0.119834720537209,2
1.68094395241675,2.002314042937114,-0.43647031346351717,1.925412199468003,3
-0.8590856892889549,1.1696970260769637,-0.42326496074154735,-1.3047883426131353,0
2.8588903357738653,-1.4656545258341724,-0.4258434238734163,-1.404091150899544,1
-0.4752949385388494,-1.0232338876274023,-1.5881551897448902,-1.6425380755717223,0
1.4795589620250205,-0.1677441549982721,-1.5777198270698503,-2.5189393240636546,1
-0.5221255515004686,0.10889421528263665,-0.6327000935084972,1.5612662293681043,2
-1.0443346093599863,-1.4160915400650096,0.35425512301181916,-1.9768868601820802,0
-2.886866111176552,-2.6397309123241817,-0.5630355256841496,-1.7899938474614185,0
1.310596503790494,-0.09644792019460713,-0.05820669387037511,-1.1070609030525995,1
0.6336225195526999,-0.3830257184394076,0.5151957429363766,-0.25903297276553605,2
-1.049756652915401,0.244115464310092,1.8151008709078607,2.4347776850965683,2
-0.8969796949989154,-0.2187159499193092,-1.4807021562252902,-0.7961527031955735,2
2.124981591931623,1.058791201100218,-0.13326932020750665,0.7110452480784264,3
0.045999074450297606,-3.123906046430066,0.23244899535401461,1.2338550679365539,3
-0.22910814843673677,-0.7208356263050808,0.7763958077118097,0.6009714123608785,2
-0.48191448822302385,0.631018715452702,-0.11191480482162867,0.39999579538766483,2
0.030482264165330175,-0.9339299531417129,-0.19328013398101346,0.21181159329662191,2
1.2135922316050618,-0.5089846500307533,0.4118829692290554,-0.1643138488899729,3
0.6967092220929606,-0.45526647249485397,0.47158793939110605,-1.149721262426837,1
1.5851180756631724,0.27857291990918753,-0.09259097472707033,0.8823849262898968,3
1.512489216528185,-2.0773694533039526,0.400567322334029,-0.7728680883790302,1
-0.581140835162141,3.34626416279847,-0.27935432242633607,-1.3128332993247838,1
-1.512684050312199,0.13274735125540882,0.5629130679382894,1.5184756940715203,2
-0.084819534186241,-2.267841765582663,0.30097308027360337,-0.0625349351436546,3
1.3178971453918893,-1.3784120789656225,0.7148613008972203,-0.7812810580942854,1
0.21831226945349147,0.13139419407619424,-1.0875323351546615,-1.573819620464168,1
-1.4137324040525676,0.6784699408247281,-0.6548194929715797,-1.285517156528908,0
-0.8334073210876739,1.0539909654162978,0.1826732395251288,-0.3774484076412947,0
-0.06914384789847472,2.4986710303705353,1.6392275033270065,-1.7908079815208524,1
1.9894327244032328,-0.39336310099358096,-0.7196702613552074,2.592036199576582,3
0.06631585294369646,-2.2993679500422637,0.3945014743812583,0.4527668836360168,2
-1.3546794784024492,0.7962181701563236,0.7941919644294377,-1.7064871443257297,0
1.0473412276133993,1.889047628479534,1.2579358889633907,-0.10523982038136714,3
-3.0365589403466844,-0.7307589838083317,-2.1626384735080477,-2.339815988571777,0
-0.3182572186928114,-0.4845496796079586,-0.6063376878656748,-1.6651998341634153,0
0.440348278423926,-0.4822458262849839,0.8304001498820497,-1.5666078405584667,1
0.5468841662462731,-1.8033442160227926,1.1368594700361294,0.8601343753144566,3
0.33513536211581374,0.5212193360365025,1.5446438398915354,-0.6822815954892479,0
-3.277705745608671,-2.570540173971406,-0.35440026993566576,-0.4945077310071917,0
-2.1674832026149433,-1.1312303211226302,0.12703044444256353,1.5889837847516783,2
-1.7039520178367744,-1.49291966134713,0.8448248771794348,-0.8046880307799755,0
1.065151139299163,1.5113981715530733,0.45686719593664876,0.09530094699922931,3
0.4497698037144656,1.312973975413743,-0.5183695614334253,-2.0785283423360283,1
0.5330314776135154,5.000923201318491,-0.27784747042977476,1.0268058725617684,3
0.6214805808507362,-1.076771271697941,-0.09742360481888701,0.20813872211203832,3
1.0150526960269686,-1.2266461215668811,-1.7424099133823732,1.3210277027685777,3
-0.7521382758956775,-0.14789429550048339,1.6911728080377688,0.4827046140161455,2
1.1030075260013845,-1.1841524945917092,0.870359423012442,1.4556868493931572,3
-0.5968974705429144,0.530189109033347,0.19683174217268498,-2.453611809986262,1
1.855349157292311,-0.7586049244984345,1.3469168866162322,2.060810730723409,3
-1.9486294973893767,-1.501860417213455,-0.054938174713958655,-0.5659534387559179,0
0.3914589504146001,-1.5899355461367548,1.5804737247837388,0.2827563420721736,3
0.8694123540944197,1.3431154085313421,-0.017339738307563104,0.23365065596129675,1
0.5121492346217786,2.1680371860364813,0.08182243217979661,0.3798278770066892,0
-1.8741514248759028,1.2730425036096595,-0.26749429755081783,-0.3806627367654556,2
-0.5713402934038526,-0.024083311672157603,1.873540976999681,0.45722492335841436,2
1.3733177175079219,0.3546205237336155,-1.108180111539994,-0.01294012696938851,1
-2.2554760720073164,-0.2935211824355337,-0.6410944235222514,-0.6198432419646264,0
1.201687166662083,0.6808140224613428,-1.2050300206147655,-0.23541040164324933,1
-1.574456308919969,-1.8669397463563218,-1.292375267932385,-1.6698997327914216,0
0.8685663234134229,-0.4581192423980325,0.26039551129408356,-0.9213598614567662,1
1.5890537549204746,1.2250591649456326,1.8915043737466954,0.5412547043352661,3
-0.1450459895851537,2.251654523797529,-0.6209297487645564,1.0245554913795238,2
1.1681021255514072,1.2729876003455147,0.4306751324171639,-0.8630916008775257,1
1.272900369946072,-1.3711589499553056,0.5030150364229103,-0.8330949081465764,1
0.4732819165755473,2.5356351668890262,-0.4662495354476735,-1.5555068652137751,0
0.9059471125001919,0.8662025361354072,1.1369696768210653,-0.039962734498638075,1
1.3630121117295277,-1.5661197406099494,-1.1469815584154368,-0.7884845106372027,1
-0.19422393656730796,-4.3020344821679615,-0.44943700470451864,2.0564602040244133,3
1.7076724152970502,-0.34587958632112636,-0.028414577793796598,-2.266555516169901,1
1.4776373712072088,1.1540724980088408,0.41265665126413925,2.0512384564644877,3
-0.6685641030385006,0.2112143222898888,-1.1446942441840262,1.3508307697504771,2
-0.18496239662481684,2.133667949620749,0.8362544859907466,0.7321811770196784,3
1.1450656232303826,-0.23005453427134737,-1.275788372490956,0.4494414550402559,3
0.4184879089271607,1.1367696197603412,0.5563191491663839,2.2463175176773857,2
-0.780187713865161,1.8214909059653404,0.970603950410179,0.37588343018058623,2
-0.6698643948672995,1.3555721998349262,0.6789821030040769,1.435983502429112,2
-0.9868075019697472,-0.9245570781101842,-0.8097471137098775,0.9613637876353383,2
-0.5353574955689699,-0.3453220225935013,-1.5569718791013192,-0.47463739488805445,0
1.1720395448453815,-0.43466838143770525,1.3298140385077144,-0.3361025730348661,2
-0.4423487139988517,1.4427302595411726,0.19999083963701897,-0.48276004176675935,0
-2.5677566653380577,-1.810530313798779,0.15343000991422778,-0.4862207582470236,0
-0.024768712324351627,1.8251983985621052,-1.1771984963324547,-2.2172198017805833,1
1.4758494513989011,0.8664533032365836,0.6230258186032409,0.5106867067879599,3
-1.1074549265319615,-1.2769229525872308,-0.3842002400028618,-1.2698232831766187,0
-2.3330728687352735,-1.307508772968287,1.657394573803593,1.866805775408999,2
-1.261587613355446,0.5702985140621222,-1.0084321163418783,-0.2099634509266003,0
-1.7892946596154342,-0.5376361756270359,-0.20900991661541524,1.3760812200335089,2
0.42027530108718303,-0.5376144884644862,0.6804561764823035,1.948946309098429,3
1.7911693797334782,0.2857420793531982,-0.9853960783096921,1.3415658681590927,3
-0.23710148453330937,0.16326502202724902,0.2670263942383826,1.4575564638589888,2
1.4559397342214306,2.126952081493884,-0.9326942812508751,3.0051864777978916,3
2.3513954600530296,-0.09318735499126496,0.34208808444594124,1.4248868886509864,3
-1.784823446784665,-0.5433185430042322,1.01248836337732,-1.0490269273209663,2
0.7569559903900682,1.1452844558917505,0.9744111460780566,-0.6471619516019196,1
-0.3470154046647329,0.10787097495908038,-0.33272097796233907,0.44642152373087995,3
-1.9752246733685,-1.4886845909746629,-1.0603241866379203,-0.7598729732978211,0
-0.7048346534084207,0.430157089699849,-0.6602317599650094,2.2692889602025703,2
1.158566962024256,-0.5337056390810746,-1.126749958566247,0.8344505856620283,3
0.8340988114988568,-0.9962182959129391,-0.0554368699481762,-1.2703457598686052,1
0.6557733791935325,0.6258956579912285,1.0682538991261907,2.4593775799386854,2
-0.6858222149603217,-0.6356976293736565,-0.6230253389460566,0.803433425467719,2
1.3393119968473362,-0.2859351912099145,0.2312756021545969,0.9590393699904941,3
1.0571760945215196,-0.8625965765719816,0.4638021903818387,0.9803854932078195,3
-0.7894612130982621,-0.6712996106180729,0.36127165783055076,0.26226259052586176,0
0.6094706093158664,1.2974307341082378,0.2461759984991874,0.9773040328147365,3
-0.9378061701741973,-1.016710975262531,-1.8190040745077394,1.3247645323426596,2
1.0633080585413417,1.957926129637809,-0.5272525549134817,0.8088050188211887,3
0.8126360446693671,-0.6301395250256905,-0.2987476974025568,-1.0945032653439757,1
1.0320590136272507,0.8970886903635491,-0.5588871791446829,-0.2386917534038525,1
0.45707836580425165,-1.8234547441142293,0.7988298191864948,0.6807621931176415,3
0.7329690800508448,0.7816607695953879,-1.97783049176337,-0.7553511548724946,0
-0.8053249738033469,1.3839737240305583,2.0760797371252755,-2.038999958715654,0
-0.2452005067554175,-0.16982713020700324,-0.014083185712954874,0.1454857344210263,0
-1.0797392012781808,0.7230490946407195,-0.7193593998743841,0.5134918095223545,2
1.6326224595634726,0.33606096281150444,-0.030178531408510453,0.002897398123486994,1
-1.6687795929437217,0.37664023970618,0.6350745923270115,-1.1238958395694694,0
-0.26735162433805315,-0.5463448426653867,1.1969548611150347,-0.9033442723171315,0
1.3119690823683605,-0.14888397665664344,-0.9781335810874706,0.7278894268641296,3
-0.7660260233281548,1.0476747556345583,1.3199745540775407,1.0030685930449752,2
1.3303898514087826,0.20646812500919132,1.188124680403248,-1.4255137224398255,1
1.2551294949662235,1.0436726940292562,0.0090786195217899,1.608863160426604,3
1.1502820737462947,1.1961329696115628,-0.5033121185002531,-0.5968175022693811,1
-0.4331728390988444,-0.8672980184448457,-0.048530652471480515,-1.485616087601779,0
1.8853117550397749,-2.3359278507031176,1.360874267056653,-0.4086409751839244,1
-2.634006073131387,-0.30446871937227504,-0.7506684624503813,-2.619534043537195,0
1.850489369903447,-0.0017877885871411259,1.110244146893913,0.22557124491143776,1
1.2368753154938887,-1.1472572026553356,0.572791013107447,-0.734769748410553,1
0.1660071615983868,-1.5758033324394591,1.717878208926383,-0.2681412528016456,3
0.34449792079383923,-2.2868928920369864,-0.6082867604378742,0.9629467033722103,3
-0.05988800257600069,1.21209766557002,-1.2169445259845335,-1.0016248184562269,3
0.7213019477660794,1.0059352256421077,0.5567121342137725,-0.4113295394996507,1
-1.7314284383730607,0.812145006566299,1.188985775602624,-3.7846617798714104,0
-1.8195747479449889,-1.6831369203929547,-0.5179220130823032,-1.1751677674253362,0
-2.29523404797378,-2.099938576745462,0.9327609471038998,-0.6653139205411627,0
-2.5030303835986514,-2.5249401795553372,2.4489306609455426,-1.4995671118958493,0
-0.6733089944318462,-0.2550337348926188,0.1383349093664578,0.5072017933877108,2
1.1817085003840024,1.4380721446179663,-0.7650222162791225,1.8884523419778743,3
-1.5688647011058832,0.4589044768274132,-1.5779765008782272,-1.0712605824013317,0
1.6039749539883728,0.36431781776517314,0.03925482568682986,0.8058160349338117,3
-2.364447262784396,0.11974825246731302,-0.28468468027671023,-3.2346130983011054,0
-1.641160455724982,0.1799970396011813,-0.07326023641383841,-0.03932052742182501,0
1.629880748459147,0.1522388108501711,0.5080680278593181,1.1194885522812084,3
-0.19256954077727428,0.386315449641065,-1.1087378629369045,-1.9893967144646272,1
1.5711927642688568,1.7452317188439572,-0.14743270305136547,1.3118969591827416,3
1.9156513236876687,-0.4615313946218923,-2.220895066862142,2.504313079260635,3
-2.188847745678905,0.2019916059109238,1.2015345203001768,-3.0320946872189416,0
-0.4586468199344813,1.5382590927197404,-0.2990899283827367,-0.9611438366374913,0
0.8837757254332532,-0.7875729564754353,-1.8874180015786182,0.4742921034384504,3
-0.08500170072874935,0.4938371410374177,0.18397796280951456,2.1529674918069133,2
-1.0045487188171096,-0.42968894878556974,-0.845090781739537,0.7458312850121418,2
1.6820039941588436,-0.24351770911519588,2.0434530218677605,-1.5642249601260518,1
1.2530821751090753,0.817943310310539,-0.7282125965827534,-0.6243493638563706,1
0.5518220634886257,0.6904882585969165,-0.42510077462114393,0.0565060011511157,3
1.041671543820897,0.917087075978415,-0.687844542948257,-0.5730653819030005,1
0.4778901522356631,1.5650405002025056,0.043299166742872264,2.013300847704749,2
1.1541523525199597,-0.7673223981639414,1.3710010789374258,0.050035614180998444,3
1.915332629796485,0.3046047435006378,-0.20947600026539376,1.6343099891186363,3
0.1391798772670072,-0.29328360488669025,0.877790310440218,-1.779537930098545,1
1.4903263625183327,0.08849831793274077,0.2716904537162855,-0.674133700237094,1
-0.30741322626613476,1.62647456663022,-0.9582058084883887,-0.9653079135862955,0
-0.682458388535941,-0.7718845736030695,0.10230819893511628,-0.7650560559011669,0
-2.6483055006312695,-1.4194273607665107,0.39613335528675614,2.2025768040972613,2
0.7965920866605487,0.7010027486346943,-0.1727827051827165,-1.7990521086910138,1
-1.2739546568086084,0.7744082922246508,0.9079201955422656,-0.38195710344688694,2
-0.7483533764169554,-2.098907163614961,1.2997086755936942,0.9996298652794731,2
0.9959021225200615,-0.7916012855561343,1.5188435581619673,0.7352275382961225,3
-2.41925609636224,-0.08052121534911483,0.04588798846742702,-2.869358813668918,0
-1.1146937444108318,1.2591516576377029,-0.433395071099598,-2.6668866083384826,0
-0.8960391382443815,-0.8992893690689486,-0.15529784852474765,-1.0085716081683758,0
-0.3952771753493771,-0.07976641415990349,0.867811784516818,-0.8204920090996163,0
2.0859472454530525,-0.7353575938879171,-0.1422427455337769,-1.2490343722394968,1
-0.15816476930769507,0.7685317644524938,0.3505155309402877,0.7852089965693687,2
-1.9011466283745122,0.08263700377284655,0.03357554446060659,-0.8904417127678391,0
-0.8649845368445157,-1.0717454611401567,0.9560194002876298,1.0946568468627222,2
-0.8488278825298886,-1.7282739567024317,-0.9501653275649934,0.6986185275756394,2
1.445501646836494,0.6538011585982726,0.8532033792788888,0.9603842975733512,3
-2.564257119420729,-0.030639682265246382,0.8493410540695336,-0.6476364311016967,2
-1.4909333756350525,-1.5060933224227102,-1.9482368809986654,-1.5807716703016896,0
1.381651144669802,-1.2364651897198733,-1.649880566144626,-0.5779457679787886,1
-2.061569380265663,-0.7367697411644114,0.6348136968903809,1.5559579059682396,2
1.3182892744400005,-0.9245624745460904,0.0388410856298789,1.6530631671746077,3
-3.09017893884807,-2.4783572146446042,-1.2213381118759825,-0.43879138012937324,0
-1.0779852670544225,1.2665521951629062,-1.0019513253089118,-0.9553222722452372,2
-0.9391977222184871,-1.1195978689980866,0.12611105807355596,-1.9062299782853835,0
-0.7047336533338313,-3.97368658177327,0.0594622565137085,0.48274529166446534,3
0.44239761948151635,0.6613970258505273,-1.014415238210147,-0.5660623319450071,3
0.22773265128276643,-1.9681293515418696,0.4263167764813751,0.3358105736123643,3
2.0676251112254476,-0.39598681315327866,-0.3255004050353285,-0.6464335340766229,1
-1.9513429826608633,-0.03278482142875494,-0.7402827160465356,0.9624387557977083,2
-0.5127905342223789,-0.8415619775331863,0.30125941481404683,-1.5152393493461769,0
-0.17333802352727956,1.6829773671780346,-1.4724484719422872,-0.331125610258018,0
1.7547091183413397,-1.5745188080836816,0.08306011955146123,-0.18849510030080074,1
-1.6271462722459535,1.8238235366066333,0.9961397269201514,1.4252152704291436,2
1.6216890807003543,-1.6132787747835333,0.23922679227447854,-0.4173854617980921,1
2.1967522289316297,-1.5002394276939737,-0.9214870948214272,1.69333545450516,3
1.734007985240105,0.03830221492983277,0.8442557771755264,-0.19558354038503833,1
-0.8745339813166533,0.24516992972121665,-0.022266293703967304,2.3852053611444015,2
2.5129707003560284,2.8099702112492673,0.6351323572964733,3.3197938630031305,3
0.6213737667508059,-0.5087470892770791,-0.42697357224903254,-1.314012161137681,0
1.7506722918789686,-1.9314812780975155,1.3751191753853964,-0.38319531396448236,1
-0.5645888611019976,1.5453146093479926,-1.3815769653316186,3.2112317329241353,2
-1.1711986584878138,-1.3612101810403492,0.8254308708022584,1.2057193224193723,2
0.2052528746391764,1.7374800427818016,-0.0012932711729193832,2.75753715587242,2
0.7241632265653237,1.8784264556374792,-1.2708943969526352,-0.19248502245159427,1
1.4184307709654593,0.8538335873640465,-0.9615468598529833,0.27342766563699406,1
-1.997154647157428,-1.8046748098643568,-0.3508034153994915,1.6659417529538607,2
-1.1199240583338304,0.6912084211890194,-1.4326173011175523,-0.1120720233549295,0
-1.1649539373807238,1.563904544833125,0.140011814727103,0.48930589368917543,2
-1.0266233262133884,-0.9086996608519443,-0.5324877288884081,-0.771915826346603,0
1.4195318294513903,0.4345120134497892,0.46890859053288364,-1.2343456032899431,1
-0.7324629492288679,0.2548611530111027,0.1549348023992106,0.5102250423969139,2
0.6734501575253534,1.272927488834291,-0.765071750931862,-0.46566510116575577,3
1.0187845659396164,1.1248065853586553,0.9518900435294511,-1.1950347589074228,1
1.296408540805299,-0.5857927470504196,-0.7450135238455865,1.2234262648759937,3
0.618894623101558,-1.0157401051933448,0.4426251747974382,0.14084472257232172,3
-1.7667087026268389,-2.04764666495692,-0.2742180660863023,-2.302930558937838,0
1.8684984199054848,-2.086158277024082,-0.20747974583627668,-0.3730443829146203,1
2.0573527474230016,2.0762090620942937,-0.8801062055054423,2.2142909294382225,3
0.4991494071016427,1.6877483984499397,-0.6404410344353764,-1.1630785389827483,1
-1.314317419186775,0.4431635156084076,-1.669189606558041,0.4926690542479335,0
-1.510300015299335,-0.5956386320551658,-0.4774120953949125,1.0566014572778426,2
0.2577134113065308,0.12274522811789013,-3.450593116130279,-0.41347837282471156,3
-1.690959330090803,0.5492242127743887,0.9350536238062889,-1.9008343544543798,0
-2.372946554515,-2.0791429119375042,0.056946806850633976,2.0538103654492543,2
0.7408368366285155,-2.089216766442263,0.45114846676403036,1.6511256198516842,3
1.0231711927706693,0.8894231850137526,-0.6343113979221686,-0.7764011390080459,0
1.2587342169060887,-0.6304705700846404,1.031494097845896,1.1753305644608116,3
0.2935383097643821,2.428357771280327,0.10651562063695479,0.28941751185830433,3
1.3449356793935459,1.162451920303488,-0.7927889358507151,1.8498962410463426,3
1.6291672445301555,-1.8215561052047256,0.5643634785747106,-0.5786221188858801,1
1.2777805562417561,-1.3685910702464499,0.168098915730161,-0.8130868750660757,1
-2.2433785395286217,0.25726018336229706,-0.6249110280674222,-3.5884778479818644,0
0.002661586290117479,0.13826221509241376,1.1819716017195627,-1.713962724065564,1
-1.8849871584611058,0.2621375814269342,-0.28970836129234573,-1.6312352916229993,0
1.7710181347279823,-1.9757921495720119,0.4273728762397565,-0.3741022320417886,1
0.5851274970416372,0.274202819532249,0.8405591635963712,-0.13761918558663422,3
0.6035160769784556,1.195690943272587,-0.2708313052577904,0.09893259039853175,3
-0.1662502829766459,3.435598869627712,-1.1339416475990531,0.1834629628336788,3
0.31686041966738854,-0.49527506310351477,1.3164440593946516,0.3543281865841198,2
-1.1889364674607785,0.48448594134402234,-0.5133361219504855,0.7474778520982559,0
0.6442073767694736,2.2259937774896343,1.3587288785322076,0.9906693292663962,0
-3.061759300017338,-0.9494013875626872,-0.9050462129183071,-1.3185890062761176,0
-0.5225583284812487,0.7848808186383416,-0.2716228021796836,1.5266467043471867,2
2.382879722369536,-1.1262277040337807,-0.44675237523201866,-2.093926432606445,1
-0.1501264215598639,2.5546145657236465,-0.07085832535585274,-1.8960895475907122,1
2.062709672521965,1.0895126732646798,-1.083419925854524,2.0816960653780847,3
0.2518167656659174,0.6575172422767401,-1.1519475915112147,1.6770262479845761,2
-0.9828224341881621,-1.1597129389519123,0.2773371996255041,-1.7215800932112337,0
0.5468147323992829,1.9638050255783388,0.412839485137184,0.8933530128738674,3
0.30304551385294554,-0.114575355165496,-1.938988348888325,0.6822919276303452,3
0.7614965229461075,1.824760958384045,0.5583392880235709,-0.36198493097991236,3
-2.662105217741826,-2.415497245799868,-0.023431982769979893,-1.1194267532501767,0
-0.48647834530619816,1.9596216784565823,0.8288102787531827,2.560395260238875,2
-0.16054786634937457,1.287082198035593,-0.4179212253776598,1.8909352564950668,2
0.02685603928480984,-1.1572173708295175,-0.8231198964334598,0.5248346511082063,2
-0.42309183148010654,2.463367525750084,-0.5322812133040318,4.465585089760252,2
0.8715392509276734,-2.155318811413096,1.1710642079137175,0.8717792857338621,3
-2.108017688825788,0.18113667934987954,1.3856016561013873,-2.436672484629257,0
-0.0671811804400737,-0.01448972622052691,1.435432962082237,-0.49661943182912294,0
0.22893940235916266,2.0610994176230584,1.5101235584810626,-0.096273417497729,0
2.3978757905627233,1.0855012171967204,0.7252558156755264,1.8116757304333655,3
2.194701305996718,0.9412172861268645,1.579946563060074,0.9201038829874828,3
-1.0782311476594415,1.7640675507537198,-0.02007349979238359,0.8386627130213338,2
2.1028851594375166,-2.4258695391735503,1.0396599394359967,-0.2021859961897493,1
-0.5264418915798557,1.852674289687117,-0.5914123611827684,-3.2166711220618955,0
-1.4172269638164656,-1.5795423101857142,-0.08633956585693363,-1.8170731135269103,0
0.8493769952643051,-1.3783876215728383,-0.4037714551200722,1.092436079133672,3
-2.9377075732666276,-0.5885945731382631,-1.0606897283376893,-2.3265629065880726,0
1.0598768208999017,0.9686816772526163,-0.33229155007741945,-1.7676544100866787,1
1.0379488590676205,1.2560981989021163,-0.3943645801170327,-1.813276682723722,1
-2.754162182211524,-2.136311258541302,0.14671195839621579,-1.2671197891926862,0
-1.9182059827592273,1.1020356783669798,-0.9909222729996368,0.8050066106562088,2
-0.8428856793674753,1.228980511251322,1.1665863618625711,-1.434627808286967,0
1.4302848231417682,0.5495302065696507,-0.6793620157269507,-1.0305727799361504,1
1.9319225963203608,-0.09066414182082316,0.036712548875425355,2.1091817285446117,3
0.9253945844230136,-0.3715651844045351,-0.12234209999954637,-0.6487942311969539,2
2.8774505497635787,-3.024169156297819,-0.16877755506316974,0.5782425001558684,1
1.7138279840114854,-2.221167686171437,-0.10584500063293283,-0.654151538279026,1
0.07233725565773419,0.09489030282448718,0.4122483089297442,-1.7007955946409667,1
-0.3572503180479425,3.026697737832356,-1.2018561190596246,0.3010482485597047,3
-1.3800435649790588,1.392251135411045,-0.8053778271192421,-0.5017435077583854,2
-1.33345993362428,-1.2814734840187303,0.21817673593653822,-1.3207109151930072,0
-0.2898013474301834,1.898174861161463,-0.47273083182505454,-2.215247381829617,0
1.3680464186289287,3.198904974518441,-1.0161950176756789,2.0371522092305594,3
1.0582554261756636,-0.9405530602990553,-1.3042459959443387,-0.8923674062207123,1
-1.4118086009202033,-0.7247916474080197,1.202671282310722,0.46592375086162674,0
-1.6320452286450235,0.3280921322175884,-1.9094457821459432,1.1590540078447282,2
0.39852263338224725,-1.2330729920530281,1.528037358491812,-0.10275296923557753,3
0.5671420847535882,-1.7542079474569974,1.0087105146652617,0.8678314765117504,3
1.7556161551400182,0.798604812955905,0.1944105442388365,1.75474618306585,3
1.9027953338464803,0.19139592818170292,0.939477795099326,-1.7708885694319374,1
0.5269471645831374,1.0175455400777458,0.6662095510434952,2.145026864113877,2
-0.6509705786987892,-1.9200250251263362,-0.07273285442387908,0.7826681138077238,2
-0.9387192844927141,1.1376221994326758,-1.7322772881113548,-1.4467896936997484,0
-1.5875027930071128,0.6201588208978717,1.9308110609319777,-2.0973123725752822,0
1.7968606481810374,1.172573727043929,0.19527754148709828,0.34198438948903953,3
-0.5531089188223237,1.7720011921351044,0.5280298734067588,-2.7597659343192156,0
0.4969436401514804,-0.1812060283668422,0.6391868976215093,-2.2580798928637744,0
1.6679595708683093,-1.704879061101578,-0.040844442091868154,-0.3831227157158166,1
-0.8172324482178078,-2.1537998018555076,1.3724079744285316,1.184851843510989,2
1.5136309914455846,-1.5969699266447492,1.3524197322248472,-0.5963831995234534,1
0.2670854271540142,-2.221126366030454,-0.9039018681553145,0.722498010505124,3
-1.6784392938675678,1.3056313046029497,-0.6325008985256346,1.2397710428924547,2
-1.9051319914274787,0.35409252250196965,0.2905820336747819,-2.2970392724162387,0
-1.1277806137389803,-1.278198246471053,0.28430394318713387,-1.5305135132475731,0
-2.918492536986954,1.36226753807347,-0.3284601685920526,-0.8320171049289979,2
0.7355678438480967,-0.45057152945435497,-0.44523830329953845,-1.1996953746462822,1
2.4891618502994866,-2.7042185640916845,0.3798784927736708,0.20331069173839045,1
-2.2175647125344593,-1.0135284637906907,-0.6238504556450155,1.8999808548232116,2
0.42728624702127105,-2.0430970640407846,-0.9652104991172978,0.8577118250303033,3
1.062414534248664,0.5383104128641056,-0.10853812796928511,-1.0257526657646432,1
-0.2954212894271435,-0.29177991295793415,-0.5647687801997188,-0.6634444427947097,0
0.20431911418569015,-3.0320066005553983,0.43288150893997385,1.498720000343573,3
0.15136503435320825,-2.1331880037132303,1.4876339978574848,0.31299875555538426,3
-0.7481393876681712,1.774923867830453,0.779452178366987,0.5335899560422589,2
1.00638976448507,-0.8779538737250826,-0.5094609658940439,-0.9097278044852458,1
-1.2406233956289938,0.8091797899695699,0.5516272069768932,1.0058121656674839,2
0.11911371900652168,-2.057161329132322,-0.23179666232926907,0.1914407327390697,3
1.3798140360285744,0.4573701496900372,-0.07615265685622251,2.282182536921788,3
-2.3559249537880413,-2.2627210928095325,-1.616555745696481,-0.9505750623052053,0
-0.9428331745723781,-0.9807929591389523,-1.1517214779512608,-0.8270871966919398,0
1.1708530711487988,0.5426009382696129,0.32354819055656503,-1.3198112488227078,1
0.8910648918888461,0.8435150430754823,-0.35212745517129673,1.71616197794284,3
0.3225801481297119,-0.8181599784958379,0.5261218561171748,0.4047957443242628,2
-1.173537597673474,1.039080400031397,0.3413633985599966,-2.0646331314436166,0
-1.3761889670431562,0.23979143370563305,-0.1280072921866212,1.1240612958405523,0
-1.3010845005381626,1.0479241299578532,0.49846131576633945,-3.01879507173709,0
-0.09472320341687246,-0.3408501089781536,2.8702119567909095,-0.7802514110613248,0
0.2700433389585465,1.6837744371212455,-0.5472698255358458,1.0111886732286928,3
1.12486582951723,-0.9425835244053768,1.2131379839756764,-0.8471799259603758,1
-0.9032497919148749,-0.8776408009143513,0.7637362662141052,-0.45957368721890834,0
-0.6954432591867474,1.385625945484096,0.49931965953364965,-1.718188521708182,0
1.2303233475929831,-0.9854900333661493,-0.5892173873894655,1.5335428302783305,3
-2.0613191427211044,-0.5805126776070687,1.5372170157662104,1.4065854765548025,2
-1.9221533054883628,0.006132858234365601,-0.7164326411483274,-0.5014219755078583,0
-0.5124961483771238,1.550939653136013,0.8355400069533917,-1.354160841952504,0
-2.1884995980548263,0.013473558475904035,-1.272996749936399,1.6232168587248361,2
-0.14833251550142001,1.7828083675108255,0.40140764934249323,-0.7907861834411447,0
1.1410670076795177,-1.145158153585764,0.35286819167577976,-0.8449484423950575,1
1.8911015123416255,-0.7394468845519451,-0.32639486363817416,1.0085371746175773,3
-0.5696002676102336,-0.9983224119342298,0.5161445236518564,0.830079085228447,2
-1.6891400024646428,0.41993447761007874,1.0809555024859236,-1.4043717024707347,0
-0.03644870657300858,2.0731264448297,-0.5277777891562866,-1.0887638660800067,1
-3.321137325853199,-1.2462762702531323,-1.4485813124641704,-1.0511539536533394,0
-0.7425268818061415,-0.10876971746442043,-0.679051669658872,0.4312897200544099,2
0.921650012140932,0.4506907283002287,0.4227489234891618,1.6157502686460816,3
1.1517275501719393,1.3801669123438336,-0.11236980314307847,-0.28926798850260926,1
0.4752285730596475,0.31000474780784293,1.0577478713095798,-0.9282876230756345,0
1.8612050969725145,1.5481925023924048,1.539418778620901,1.1436516998560633,3
-0.02109992729157284,0.3347464823370647,-0.5491430742463276,-1.755845333312896,2
2.2158741252319327,0.4967698953688877,-0.2331752589210794,2.0849835995083197,3
1.5552574120383915,0.4729091317913965,0.22907921941032183,0.5714873921240724,3
-0.46849176074537957,1.5932807470112051,0.4604448485512158,-1.6901443687749604,0
0.8137240231122703,-1.3270250287182097,-1.6439091608064045,0.9593579979920827,3
-1.5313816355422345,0.5021709025836847,0.8325565369119988,-1.0797760556675204,0
1.9168280628659187,-2.3443710805863036,-0.12325671154219495,-0.40547769111733956,1
-1.2083977257319638,0.9726042304989984,-0.7094299313931549,1.8991651418047688,2
0.08786740408762761,0.8771573709367326,0.26988523500429024,-0.2914024466215468,3
-1.0633435624474668,0.930473647397571,0.2468508973172122,-1.0576561648052534,0
-0.0914935398248391,-2.8866748953729164,-0.4371053705957557,0.6441814444526283,3
-1.6910425391400004,0.3350813642080921,0.8318567927965488,-0.9924130300178925,0
1.6479251933122703,-0.10706407016225405,-1.1249351853447827,-1.1860749355777944,1
-0.10462841512205268,-1.2566339279279926,-1.2240628541510348,0.5681904764366531,2
-1.2105017313238073,0.539291459634919,1.3619540425804006,0.33156466322767764,0
0.4796788786546212,-0.438905864861147,-0.18748101209203558,-1.4912315690053302,1
0.1688811661267433,-0.15579621872011273,0.11378474228331778,-1.4155960466942987,0
1.2200132376396717,0.1024252756372086,0.4328456615711215,1.4589249428016577,3
-0.4431053762630184,1.4862779943264655,-1.7534535673253926,-0.8834074604432429,0
1.366513638668895,-1.302604203917023,0.2694491960320436,-0.6628319867535915,1
0.07289955663537884,-3.0457800112506743,0.7888045357448615,1.1983691233978653,3
-2.2725474333153146,-1.7950924184628116,0.9281437798242794,-0.8698414706917067,0
-0.03712978199986372,1.9770575638285466,1.092832870321561,-0.9638393212309183,0
-1.0216210085090998,1.1007888037624993,0.07604193751685753,0.30535025761990686,2
-3.0804808589644104,-1.881380189183833,1.8960816698011729,2.460852598748417,2
0.9274901380413363,-0.7057980348587979,-0.515693057636852,-0.9321926673140142,1
-2.29816649629624,-2.186461781364665,0.4814975401365072,-1.1683787659077407,0
-3.2534618292864295,-2.3429813492653313,0.719133247316263,2.700356457074313,2
0.42298120546660845,1.3926316377454107,-0.34384820966553914,0.09475406068075554,3
